sku,magmi:delete
CMBLG00077,1
CMBLG00014,1
CMBLGG00004,1
CMBLG00005,1
CMBLG00047,1
CMBLG00035,1
CMBLG00055,1
CMBLG00084,1
CMBLG00046,1
CMBLG00063,1
CMBLG00044,1
CMBLGG00013,1
CMBLG00085,1
CMBLG00020,1
CMBLGG00008,1
CMBLG00068,1
CMBLG00007,1
CMBLG00042,1
CMBLGG00011,1
CMBLG00018,1
CMBLGG00007,1
CMBLG00034,1
CMBLG00057,1
CMBLG00056,1
CMBLG00052,1
CMBLG00022,1
CMBLG00023,1
CMBLG00086,1
CMBLG00079,1
CMBLG00080,1
CMBLG00082,1
CMBLG00071,1
CMBLG00033,1
CMBLG00081,1
CMBLG00083,1
CMBLG00061,1
CMBLG00066,1
CMBLG00037,1
CMBLG00060,1
CMBLG00030,1
CMBLG00075,1
CMBLG00043,1
CMBLGG00012,1
CMBLG00073,1
CMBLG00010,1
CMBLG00002,1
CMBLG00001,1
CMBLG00078,1
CMBLGG00014,1
CMBLG00065,1
CMBLG00017,1
CMBLGG00010,1
CMBLG00039,1
CMBLG00059,1
CMBLG00049,1
CMBLG00013,1
CMBLGG00003,1
CMBLG00048,1
CMBLG00027,1
CMBLG00025,1
CMBLG00026,1
CMBLG00029,1
CMBLG00041,1
CMBLG00031,1
CMBLG00054,1
CMBLG00072,1
CMBLG00008,1
CMBLG00051,1
CMBLG00076,1
CMBLG00058,1
CMBLG00045,1
CMBLG00053,1
CMBLG00028,1
CMBLG00070,1
CMBLG00011,1
CMBLGG00001,1
CMBLG00040,1
CMBLG00019,1
CMBLGG00009,1
CMBLG00032,1
CMBLG00069,1
CMBLG00074,1
CMBLG00024,1
CMBLG00003,1
CMBLG00016,1
CMBLGG00006,1
CMBLG00006,1
CMBLG00015,1
CMBLGG00005,1
CMBLG00021,1
CMBLG00064,1
CMBLG00004,1
CMBLG00012,1
CMBLGG00002,1
CMBLG00036,1
CMBLG00009,1
CMBLG00062,1
CMBLG00067,1
CMBLG00038,1
CMBYGG00002,1
CMBYGG00012,1
CMBYGG00011,1
CMBYGG00001,1
CMBYGG00003,1
CMBYGG00007,1
CMBYGG00009,1
CMBYGG00004,1
CMBYGG00005,1
CMBYGG00006,1
CMBYGG00010,1
CMBYGG00008,1
CMCMP00216,1
CMCMM00288,1
CMCMG00290,1
CMCMGG00212,1
CMCMPP00008,1
CMCMP00228,1
CMCMM00308,1
CMCMG00311,1
CMCMGG00231,1
CMCMP00177,1
CMCMM00173,1
CMCMG00171,1
CMCMGG00135,1
CMCMXGG00014,1
CMCMP00179,1
CMCMM00175,1
CMCMG00173,1
CMCMGG00114,1
CMCMP00193,1
CMCMM00224,1
CMCMG00225,1
CMCMGG00159,1
CMCMXGG00006,1
CMCMP00197,1
CMCMM00240,1
CMCMG00241,1
CMCMG00242,1
CMCMGG00175,1
CMCMM00226,1
CMCMG00227,1
CMCMGG00161,1
CMCMP00130,1
CMCMM00128,1
CMCMG00125,1
CMCMGG00072,1
CMCMP00100,1
CMCMM00099,1
CMCMG00097,1
CMCMM00218,1
CMCMG00219,1
CMCMGG00153,1
CMCMM00208,1
CMCMG00209,1
CMCMGG00143,1
CMCMM00343,1
CMCMG00351,1
CMCMGG00270,1
CMCMP00165,1
CMCMM00162,1
CMCMG00159,1
CMCMGG00102,1
CMCMM00266,1
CMCMG00267,1
CMCMGG00198,1
CMCMM00249,1
CMCMG00251,1
CMCMGG00184,1
CMCMP00112,1
CMCMM00110,1
CMCMM00182,1
CMCMG00180,1
CMCMP00334,1
CMCMM00402,1
CMCMG00412,1
CMCMP00343,1
CMCMM00388,1
CMCMG00396,1
CMCMP00300,1
CMCMM00363,1
CMCMG00371,1
CMCMGG00288,1
CMCMXGG00020,1
CMCMP00325,1
CMCMM00392,1
CMCMG00401,1
CMCMGG00316,1
CMCMP00178,1
CMCMM00174,1
CMCMG00172,1
CMCMP00208,1
CMCMM00276,1
CMCMG00277,1
CMCMGG00205,1
CMCMP00233,1
CMCMM00313,1
CMCMG00316,1
CMCMGG00236,1
CMCMP00094,1
CMCMM00094,1
CMCMG00090,1
CMCMP00167,1
CMCMM00164,1
CMCMG00161,1
CMCMGG00104,1
CMCMXGG00021,1
CMCMP00166,1
CMCMM00163,1
CMCMG00160,1
CMCMGG00103,1
CMCMP00071,1
CMCMM00071,1
CMCMG00071,1
CMCMGG00042,1
CMCMPP00012,1
CMCMP00285,1
CMCMM00340,1
CMCMG00344,1
CMCMG00341,1
CMCMGG00265,1
CMCMP00180,1
CMCMM00176,1
CMCMG00174,1
CMCMGG00115,1
CMCMP00183,1
CMCMM00183,1
CMCMG00181,1
CMCMGG00120,1
CMCMP00213,1
CMCMM00284,1
CMCMG00286,1
CMCMGG00208,1
CMCMP00234,1
CMCMM00314,1
CMCMG00317,1
CMCMGG00237,1
CMCMPP00003,1
CMCMP00235,1
CMCMM00303,1
CMCMG00306,1
CMCMGG00226,1
CMCMP00149,1
CMCMM00149,1
CMCMG00144,1
CMCMGG00087,1
CMCMXGG00022,1
CMCMM00217,1
CMCMG00218,1
CMCMGG00152,1
CMCMP00127,1
CMCMM00125,1
CMCMG00122,1
CMCMGG00069,1
CMCMM00207,1
CMCMG00208,1
CMCMGG00142,1
CMCMM00185,1
CMCMG00183,1
CMCMGG00122,1
CMCMXGG00010,1
CMCMM00330,1
CMCMG00333,1
CMCMGG00253,1
CMCMM00287,1
CMCMG00289,1
CMCMGG00211,1
CMCMM00235,1
CMCMG00236,1
CMCMGG00170,1
CMCMXGG00007,1
CMCMM00210,1
CMCMG00211,1
CMCMGG00145,1
CMCMP00059,1
CMCMM00059,1
CMCMG00059,1
CMCMGG00039,1
CMCMM00334,1
CMCMG00337,1
CMCMGG00258,1
CMCMXGG00004,1
CMCMP00029,1
CMCMM00028,1
CMCMG00029,1
CMCMGG00049,1
CMCMGG00023,1
CMCMP00287,1
CMCMM00348,1
CMCMG00355,1
CMCMGG00274,1
CMCMP00294,1
CMCMM00355,1
CMCMG00363,1
CMCMGG00280,1
CMCMXGG00023,1
CMCMM00199,1
CMCMG00197,1
CMCMGG00249,1
CMCMP00137,1
CMCMM00135,1
CMCMG00133,1
CMCMM00216,1
CMCMG00217,1
CMCMGG00151,1
CMCMM00202,1
CMCMG00200,1
CMCMGG00137,1
CMCMP00326,1
CMCMM00393,1
CMCMG00402,1
CMCMGG00317,1
CMCMP00336,1
CMCMM00405,1
CMCMG00415,1
CMCMGG00327,1
CMCMP00199,1
CMCMM00256,1
CMCMG00257,1
CMCMGG00191,1
CMCMXGG00024,1
CMCMM00197,1
CMCMG00195,1
CMCMGG00131,1
CMCMM00220,1
CMCMG00221,1
CMCMGG00155,1
CMCMP00205,1
CMCMM00262,1
CMCMG00263,1
CMCMGG00196,1
CMCMP00152,1
CMCMM00154,1
CMCMG00148,1
CMCMGG00091,1
CMCMXGG00025,1
CMCMP00248,1
CMCMM00322,1
CMCMG00326,1
CMCMGG00246,1
CMCMXGG00026,1
CMCMP00201,1
CMCMM00258,1
CMCMG00259,1
CMCMGG00193,1
CMCMP00155,1
CMCMM00146,1
CMCMG00142,1
CMCMGG00085,1
CMCMP00171,1
CMCMM00168,1
CMCMG00165,1
CMCMGG00108,1
CMCMP00164,1
CMCMM00161,1
CMCMG00158,1
CMCMGG00101,1
CMCMP00202,1
CMCMM00259,1
CMCMG00260,1
CMCMGG00194,1
CMCMXGG00027,1
CMCMP00306,1
CMCMM00370,1
CMCMG00378,1
CMCMGG00296,1
CMCMXGG00028,1
CMCMP00203,1
CMCMM00260,1
CMCMG00261,1
CMCMGG00195,1
CMCMXGG00029,1
CMCMP00299,1
CMCMM00361,1
CMCMG00369,1
CMCMGG00286,1
CMCMP00170,1
CMCMM00167,1
CMCMG00169,1
CMCMGG00107,1
CMCMP00250,1
CMCMM00325,1
CMCMG00328,1
CMCMGG00248,1
CMCMXGG00030,1
CMCMP00173,1
CMCMM00170,1
CMCMG00167,1
CMCMGG00110,1
CMCMP00168,1
CMCMM00165,1
CMCMG00162,1
CMCMGG00105,1
CMCMXGG00031,1
CMCMG00164,1
CMCMG00422,1
CMCMM00246,1
CMCMP00147,1
CMCMP00158,1
CMCMM00153,1
CMCMG00147,1
CMCMGG00090,1
CMCMP00218,1
CMCMM00291,1
CMCMG00293,1
CMCMGG00214,1
CMCMP00144,1
CMCMM00143,1
CMCMG00152,1
CMCMGG00082,1
CMCMP00075,1
CMCMM00074,1
CMCMG00073,1
CMCMP00150,1
CMCMM00150,1
CMCMG00151,1
CMCMGG00095,1
CMCMXGG00032,1
CMCMP00161,1
CMCMM00158,1
CMCMG00155,1
CMCMGG00098,1
CMCMP00319,1
CMCMM00387,1
CMCMG00395,1
CMCMGG00313,1
CMCMM00204,1
CMCMG00205,1
CMCMGG00139,1
CMCMP00288,1
CMCMM00349,1
CMCMG00356,1
CMCMGG00295,1
CMCMP00293,1
CMCMM00354,1
CMCMG00362,1
CMCMGG00279,1
CMCMXGG00033,1
CMCMM00329,1
CMCMG00332,1
CMCMGG00252,1
CMCMM00236,1
CMCMG00237,1
CMCMGG00171,1
CMCMM00250,1
CMCMG00252,1
CMCMGG00185,1
CMCMM00241,1
CMCMG00243,1
CMCMGG00176,1
CMCMP00082,1
CMCMM00081,1
CMCMG00080,1
CMCMM00346,1
CMCMG00353,1
CMCMGG00272,1
CMCMXGG00003,1
CMCMM00229,1
CMCMG00230,1
CMCMGG00164,1
CMCMP00004,1
CMCMM00004,1
CMCMG00005,1
CMCMGG00003,1
CMCMM00191,1
CMCMG00175,1
CMCMGG00127,1
CMCMP00066,1
CMCMM00066,1
CMCMG00066,1
CMCMM00200,1
CMCMG00198,1
CMCMGG00136,1
CMCMM00263,1
CMCMG00264,1
CMCMGG00197,1
CMCMM00298,1
CMCMG00300,1
CMCMGG00221,1
CMCMM00212,1
CMCMG00213,1
CMCMGG00147,1
CMCMP00322,1
CMCMM00389,1
CMCMG00398,1
CMCMGG00314,1
CMCMP00121,1
CMCMM00119,1
CMCMG00116,1
CMCMGG00066,1
CMCMM00282,1
CMCMG00283,1
CMCMM00264,1
CMCMG00265,1
CMCMP00085,1
CMCMM00084,1
CMCMM00242,1
CMCMG00244,1
CMCMGG00189,1
CMCMP00093,1
CMCMM00093,1
CMCMG00096,1
CMCMP00042,1
CMCMM00041,1
CMCMG00042,1
CMCMP00327,1
CMCMM00394,1
CMCMG00403,1
CMCMGG00318,1
CMCMPP00005,1
CMCMP00225,1
CMCMM00305,1
CMCMG00308,1
CMCMGG00228,1
CMCMPP00004,1
CMCMP00224,1
CMCMM00304,1
CMCMG00307,1
CMCMGG00227,1
CMCMP00340,1
CMCMM00409,1
CMCMG00419,1
CMCMGG00331,1
CMCMM00245,1
CMCMG00247,1
CMCMGG00180,1
CMCMM00342,1
CMCMG00349,1
CMCMGG00268,1
CMCMP00092,1
CMCMM00092,1
CMCMG00089,1
CMCMP00292,1
CMCMM00353,1
CMCMG00361,1
CMCMG00360,1
CMCMGG00278,1
CMCMXGG00034,1
CMCMP00232,1
CMCMM00312,1
CMCMG00315,1
CMCMGG00235,1
CMCMP00333,1
CMCMM00401,1
CMCMG00411,1
CMCMGG00325,1
CMCMP00186,1
CMCMM00187,1
CMCMG00185,1
CMCMGG00124,1
CMCMP00083,1
CMCMM00082,1
CMCMG00081,1
CMCMP00157,1
CMCMM00152,1
CMCMG00146,1
CMCMGG00089,1
CMCMXGG00035,1
CMCMP00220,1
CMCMM00294,1
CMCMG00296,1
CMCMGG00217,1
CMCMP00241,1
CMCMM00268,1
CMCMG00269,1
CMCMGG00200,1
CMCMM00243,1
CMCMG00245,1
CMCMGG00178,1
CMCMP00331,1
CMCMM00399,1
CMCMG00408,1
CMCMGG00323,1
CMCMP00056,1
CMCMM00056,1
CMCMG00056,1
CMCMP00245,1
CMCMM00297,1
CMCMG00299,1
CMCMGG00220,1
CMCMP00047,1
CMCMM00046,1
CMCMG00047,1
CMCMP00238,1
CMCMM00318,1
CMCMG00321,1
CMCMGG00241,1
CMCMP00309,1
CMCMM00373,1
CMCMG00381,1
CMCMGG00299,1
CMCMP00239,1
CMCMM00319,1
CMCMG00329,1
CMCMGG00243,1
CMCMP00052,1
CMCMM00052,1
CMCMG00052,1
CMCMP00240,1
CMCMM00320,1
CMCMG00324,1
CMCMGG00244,1
CMCMP00169,1
CMCMM00166,1
CMCMG00163,1
CMCMGG00106,1
CMCMP00118,1
CMCMM00116,1
CMCMG00113,1
CMCMGG00063,1
CMCMP00303,1
CMCMM00368,1
CMCMG00376,1
CMCMGG00293,1
CMCMXGG00049,1
CMCMP00281,1
CMCMM00336,1
CMCMG00339,1
CMCMGG00259,1
CMCMXGG00036,1
CMCMP00282,1
CMCMM00337,1
CMCMG00340,1
CMCMGG00260,1
CMCMM00398,1
CMCMG00407,1
CMCMGG00322,1
CMCMP00151,1
CMCMM00151,1
CMCMG00145,1
CMCMGG00088,1
CMCMXGG00037,1
CMCMP00114,1
CMCMM00112,1
CMCMG00109,1
CMCMGG00059,1
CMCMM00345,1
CMCMG00352,1
CMCMGG00271,1
CMCMM00296,1
CMCMG00298,1
CMCMGG00219,1
CMCMP00320,1
CMCMM00375,1
CMCMG00383,1
CMCMGG00301,1
CMCMP00033,1
CMCMM00032,1
CMCMG00033,1
CMCMGG00024,1
CMCMP00305,1
CMCMM00362,1
CMCMG00370,1
CMCMGG00287,1
CMCMXGG00038,1
CMCMM00045,1
CMCMP00080,1
CMCMM00079,1
CMCMG00078,1
CMCMP00159,1
CMCMM00157,1
CMCMG00153,1
CMCMGG00094,1
CMCMP00242,1
CMCMM00295,1
CMCMG00297,1
CMCMGG00218,1
CMCMP00108,1
CMCMP00187,1
CMCMM00188,1
CMCMG00186,1
CMCMGG00125,1
CMCMP00314,1
CMCMM00270,1
CMCMG00271,1
CMCMG00302,1
CMCMGG00201,1
CMCMP00316,1
CMCMM00277,1
CMCMG00278,1
CMCMGG00206,1
CMCMP00107,1
CMCMM00105,1
CMCMG00103,1
CMCMGG00055,1
CMCMP00057,1
CMCMM00138,1
CMCMG00057,1
CMCMGG00037,1
CMCMP00244,1
CMCMM00272,1
CMCMG00273,1
CMCMGG00203,1
CMCMP00190,1
CMCMM00195,1
CMCMG00193,1
CMCMGG00130,1
CMCMP00253,1
CMCMM00179,1
CMCMG00177,1
CMCMGG00117,1
CMCMXGG00017,1
CMCMP00315,1
CMCMM00267,1
CMCMG00268,1
CMCMGG00199,1
CMCMP00237,1
CMCMM00316,1
CMCMG00319,1
CMCMGG00239,1
CMCMP00298,1
CMCMM00281,1
CMCMG00282,1
CMCMGG00207,1
CMCMPP00002,1
CMCMP00223,1
CMCMM00302,1
CMCMG00305,1
CMCMGG00225,1
CMCMP00323,1
CMCMM00390,1
CMCMG00399,1
CMCMGG00315,1
CMCMP00007,1
CMCMM00006,1
CMCMG00007,1
CMCMGG00004,1
CMCMP00172,1
CMCMM00169,1
CMCMG00166,1
CMCMGG00109,1
CMCMP00192,1
CMCMM00215,1
CMCMG00216,1
CMCMGG00150,1
CMCMM00239,1
CMCMG00240,1
CMCMGG00174,1
CMCMXGG00012,1
CMCMP00122,1
CMCMM00120,1
CMCMG00117,1
CMCMGG00067,1
CMCMP00221,1
CMCMM00300,1
CMCMG00303,1
CMCMGG00223,1
CMCMXGG00039,1
CMCMP00163,1
CMCMM00160,1
CMCMG00157,1
CMCMGG00100,1
CMCMXGG00040,1
CMCMP00162,1
CMCMM00159,1
CMCMG00156,1
CMCMGG00099,1
CMCMXGG00041,1
CMCMP00318,1
CMCMM00383,1
CMCMG00391,1
CMCMGG00309,1
CMCMXGG00042,1
CMCMP00296,1
CMCMM00357,1
CMCMG00365,1
CMCMGG00282,1
CMCMP00134,1
CMCMM00132,1
CMCMG00130,1
CMCMM00384,1
CMCMG00392,1
CMCMGG00310,1
CMCMM00327,1
CMCMG00330,1
CMCMGG00250,1
CMCMXGG00001,1
CMCMM00225,1
CMCMG00226,1
CMCMGG00160,1
CMCMP00143,1
CMCMM00142,1
CMCMG00139,1
CMCMGG00081,1
CMCMP00231,1
CMCMM00311,1
CMCMG00314,1
CMCMGG00234,1
CMCMP00280,1
CMCMM00376,1
CMCMG00384,1
CMCMGG00302,1
CMCMXGG00018,1
CMCMXGG00013,1
CMCMM00377,1
CMCMG00385,1
CMCMGG00303,1
CMCMM00193,1
CMCMG00191,1
CMCMGG00129,1
CMCMP00038,1
CMCMM00037,1
CMCMG00038,1
CMCMP00064,1
CMCMM00064,1
CMCMG00064,1
CMCMM00254,1
CMCMG00248,1
CMCMGG00181,1
CMCMM00206,1
CMCMG00207,1
CMCMGG00141,1
CMCMPP00009,1
CMCMP00230,1
CMCMM00310,1
CMCMG00313,1
CMCMGG00233,1
CMCMP00297,1
CMCMM00358,1
CMCMG00366,1
CMCMGG00283,1
CMCMXGG00043,1
CMCMM00178,1
CMCMG00176,1
CMCMGG00116,1
CMCMP00010,1
CMCMM00009,1
CMCMG00010,1
CMCMGG00079,1
CMCMM00299,1
CMCMG00301,1
CMCMGG00222,1
CMCMP00086,1
CMCMM00086,1
CMCMG00083,1
CMCMGG00045,1
CMCMP00135,1
CMCMM00133,1
CMCMG00131,1
CMCMGG00075,1
CMCMP00011,1
CMCMM00010,1
CMCMG00011,1
CMCMGG00008,1
CMCMM00275,1
CMCMG00276,1
CMCMGG00204,1
CMCMGG00051,1
CMCMP00037,1
CMCMM00036,1
CMCMG00037,1
CMCMGG00027,1
CMCMM00271,1
CMCMG00272,1
CMCMGG00202,1
CMCMP00030,1
CMCMM00029,1
CMCMG00031,1
CMCMGG00050,1
CMCMP00073,1
CMCMM00073,1
CMCMG00072,1
CMCMP00141,1
CMCMM00139,1
CMCMG00136,1
CMCMP00053,1
CMCMM00053,1
CMCMG00053,1
CMCMP00128,1
CMCMM00126,1
CMCMG00123,1
CMCMGG00070,1
CMCMP00133,1
CMCMP00324,1
CMCMM00391,1
CMCMG00400,1
CMCMM00265,1
CMCMG00266,1
CMCMP00289,1
CMCMM00350,1
CMCMG00357,1
CMCMGG00275,1
CMCMP00091,1
CMCMM00091,1
CMCMG00088,1
CMCMG00397,1
CMCMG00423,1
CMCMP00068,1
CMCMM00068,1
CMCMG00068,1
CMCMP00062,1
CMCMM00062,1
CMCMG00062,1
CMCMM00196,1
CMCMG00194,1
CMCMGG00134,1
CMCMXGG00015,1
CMCMM00190,1
CMCMG00188,1
CMCMGG00126,1
CMCMM00359,1
CMCMG00367,1
CMCMGG00284,1
CMCMM00223,1
CMCMG00224,1
CMCMGG00158,1
CMCMP00310,1
CMCMM00374,1
CMCMG00382,1
CMCMGG00300,1
CMCMM00244,1
CMCMG00246,1
CMCMGG00179,1
CMCMP00012,1
CMCMM00011,1
CMCMG00012,1
CMCMGG00009,1
CMCMP00219,1
CMCMM00293,1
CMCMG00295,1
CMCMGG00216,1
CMCMP00243,1
CMCMM00292,1
CMCMG00294,1
CMCMGG00215,1
CMCMP00337,1
CMCMM00406,1
CMCMG00416,1
CMCMGG00328,1
CMCMP00191,1
CMCMM00201,1
CMCMG00199,1
CMCMGG00133,1
CMCMXGG00048,1
CMCMP00317,1
CMCMM00381,1
CMCMG00389,1
CMCMGG00307,1
CMCMP00252,1
CMCMM00192,1
CMCMG00190,1
CMCMGG00128,1
CMCMP00321,1
CMCMM00238,1
CMCMG00239,1
CMCMGG00173,1
CMCMXGG00009,1
CMCMP00307,1
CMCMM00371,1
CMCMG00379,1
CMCMGG00297,1
CMCMP00176,1
CMCMM00172,1
CMCMG00170,1
CMCMGG00112,1
CMCMXGG00019,1
CMCMP00079,1
CMCMM00078,1
CMCMG00077,1
CMCMGG00043,1
CMCMP00204,1
CMCMM00261,1
CMCMG00262,1
CMCMGG00261,1
CMCMXGG00044,1
CMCMM00103,1
CMCMP00109,1
CMCMM00107,1
CMCMG00105,1
CMCMP00013,1
CMCMM00012,1
CMCMG00013,1
CMCMGG00010,1
CMCMM00347,1
CMCMG00354,1
CMCMGG00273,1
CMCMM00203,1
CMCMG00201,1
CMCMGG00138,1
CMCMP00291,1
CMCMM00352,1
CMCMG00359,1
CMCMGG00277,1
CMCMM00219,1
CMCMG00220,1
CMCMGG00154,1
CMCMP00084,1
CMCMM00083,1
CMCMG00082,1
CMCMGG00044,1
CMCMP00290,1
CMCMM00351,1
CMCMG00358,1
CMCMGG00276,1
CMCMM00360,1
CMCMG00368,1
CMCMGG00285,1
CMCMP00034,1
CMCMM00033,1
CMCMG00034,1
CMCMP00136,1
CMCMP00335,1
CMCMM00404,1
CMCMG00414,1
CMCMP00215,1
CMCMM00286,1
CMCMG00288,1
CMCMGG00210,1
CMCMP00330,1
CMCMM00397,1
CMCMG00406,1
CMCMGG00321,1
CMCMPP00014,1
CMCMP00236,1
CMCMM00109,1
CMCMM00315,1
CMCMG00318,1
CMCMGG00238,1
CMCMP00148,1
CMCMM00148,1
CMCMG00143,1
CMCMGG00086,1
CMCMP00031,1
CMCMM00030,1
CMCMM00221,1
CMCMG00222,1
CMCMGG00156,1
CMCMM00205,1
CMCMG00206,1
CMCMGG00140,1
CMCMP00077,1
CMCMM00076,1
CMCMG00075,1
CMCMP00295,1
CMCMM00356,1
CMCMG00364,1
CMCMGG00281,1
CMCMXGG00045,1
CMCMP00304,1
CMCMM00369,1
CMCMG00377,1
CMCMGG00294,1
CMCMM00228,1
CMCMG00229,1
CMCMGG00163,1
CMCMM00232,1
CMCMG00233,1
CMCMGG00167,1
CMCMP00129,1
CMCMM00140,1
CMCMG00124,1
CMCMGG00071,1
CMCMP00015,1
CMCMM00014,1
CMCMG00015,1
CMCMGG00011,1
CMCMPP00013,1
CMCMP00286,1
CMCMM00341,1
CMCMG00345,1
CMCMGG00266,1
CMCMP00081,1
CMCMM00080,1
CMCMG00079,1
CMCMP00016,1
CMCMM00015,1
CMCMG00016,1
CMCMGG00012,1
CMCMM00403,1
CMCMG00413,1
CMCMGG00326,1
CMCMP00196,1
CMCMM00233,1
CMCMG00234,1
CMCMGG00168,1
CMCMG00410,1
CMCMGG00324,1
CMCMP00017,1
CMCMM00016,1
CMCMG00017,1
CMCMGG00013,1
CMCMP00182,1
CMCMM00181,1
CMCMG00179,1
CMCMGG00119,1
CMCMP00055,1
CMCMM00055,1
CMCMG00055,1
CMCMGG00036,1
CMCMP00214,1
CMCMM00285,1
CMCMG00287,1
CMCMGG00209,1
CMCMP00308,1
CMCMM00372,1
CMCMG00380,1
CMCMGG00298,1
CMCMP00249,1
CMCMM00323,1
CMCMG00327,1
CMCMGG00247,1
CMCMP00110,1
CMCMM00108,1
CMCMG00106,1
CMCMGG00057,1
CMCMP00142,1
CMCMM00141,1
CMCMG00137,1
CMCMGG00080,1
CMCMM00211,1
CMCMG00212,1
CMCMGG00146,1
CMCMM00328,1
CMCMG00331,1
CMCMGG00267,1
CMCMXGG00005,1
CMCMM00237,1
CMCMG00238,1
CMCMGG00172,1
CMCMXGG00008,1
CMCMM00289,1
CMCMG00291,1
CMCMGG00213,1
CMCMM00214,1
CMCMG00215,1
CMCMGG00149,1
CMCMM00180,1
CMCMG00178,1
CMCMGG00118,1
CMCMP00145,1
CMCMM00144,1
CMCMG00140,1
CMCMGG00084,1
CMCMPP00001,1
CMCMP00222,1
CMCMM00301,1
CMCMG00304,1
CMCMGG00224,1
CMCMP00020,1
CMCMM00020,1
CMCMG00021,1
CMCMGG00016,1
CMCMM00048,1
CMCMP00184,1
CMCMM00184,1
CMCMG00182,1
CMCMGG00121,1
CMCMPP00006,1
CMCMP00229,1
CMCMM00309,1
CMCMG00312,1
CMCMGG00232,1
CMCMP00063,1
CMCMM00063,1
CMCMG00063,1
CMCMGG00040,1
CMCMP00040,1
CMCMM00039,1
CMCMG00040,1
CMCMGG00028,1
CMCMP00065,1
CMCMM00065,1
CMCMG00065,1
CMCMGG00041,1
CMCMM00252,1
CMCMG00254,1
CMCMGG00187,1
CMCMM00253,1
CMCMG00255,1
CMCMGG00188,1
CMCMM00227,1
CMCMG00228,1
CMCMGG00162,1
CMCMM00251,1
CMCMG00253,1
CMCMGG00186,1
CMCMP00312,1
CMCMM00378,1
CMCMG00386,1
CMCMGG00304,1
CMCMXGG00016,1
CMCMM00209,1
CMCMG00210,1
CMCMGG00144,1
CMCMP00119,1
CMCMM00117,1
CMCMG00114,1
CMCMGG00064,1
CMCMP00023,1
CMCMM00023,1
CMCMG00024,1
CMCMP00153,1
CMCMM00155,1
CMCMG00149,1
CMCMGG00097,1
CMCMXGG00046,1
CMCMM00317,1
CMCMG00320,1
CMCMGG00240,1
CMCMM00344,1
CMCMG00350,1
CMCMGG00269,1
CMCMXGG00002,1
CMCMM00222,1
CMCMG00223,1
CMCMGG00157,1
CMCMP00311,1
CMCMM00379,1
CMCMG00387,1
CMCMGG00305,1
CMCMM00382,1
CMCMG00390,1
CMCMGG00308,1
CMCMP00210,1
CMCMM00279,1
CMCMG00280,1
CMCMP00332,1
CMCMM00400,1
CMCMG00409,1
CMCMP00189,1
CMCMM00194,1
CMCMG00192,1
CMCMP00188,1
CMCMM00189,1
CMCMG00187,1
CMCMP00207,1
CMCMM00274,1
CMCMG00275,1
CMCMP00217,1
CMCMM00290,1
CMCMG00292,1
CMCMP00124,1
CMCMM00122,1
CMCMG00119,1
CMCMM00385,1
CMCMG00393,1
CMCMGG00311,1
CMCMP00123,1
CMCMM00121,1
CMCMG00138,1
CMCMM00366,1
CMCMG00374,1
CMCMGG00291,1
CMCMM00364,1
CMCMG00372,1
CMCMGG00289,1
CMCMP00096,1
CMCMM00096,1
CMCMG00092,1
CMCMGG00047,1
CMCMP00021,1
CMCMM00021,1
CMCMG00022,1
CMCMGG00017,1
CMCMPP00007,1
CMCMP00226,1
CMCMM00306,1
CMCMG00309,1
CMCMGG00229,1
CMCMP00146,1
CMCMM00145,1
CMCMG00141,1
CMCMGG00083,1
CMCMP00227,1
CMCMM00307,1
CMCMG00310,1
CMCMGG00230,1
CMCMP00078,1
CMCMM00077,1
CMCMG00076,1
CMCMM00273,1
CMCMG00274,1
CMCMP00185,1
CMCMM00186,1
CMCMG00184,1
CMCMGG00123,1
CMCMP00206,1
CMCMM00269,1
CMCMG00270,1
CMCMP00211,1
CMCMM00280,1
CMCMG00281,1
CMCMP00069,1
CMCMM00069,1
CMCMG00069,1
CMCMP00209,1
CMCMM00278,1
CMCMG00279,1
CMCMP00212,1
CMCMM00283,1
CMCMG00284,1
CMCMM00213,1
CMCMG00214,1
CMCMGG00148,1
CMCMM00247,1
CMCMG00249,1
CMCMGG00182,1
CMCMP00341,1
CMCMM00410,1
CMCMG00420,1
CMCMGG00332,1
CMCMM00365,1
CMCMG00373,1
CMCMGG00290,1
CMCMM00386,1
CMCMG00394,1
CMCMGG00312,1
CMCMP00113,1
CMCMM00111,1
CMCMP00095,1
CMCMM00095,1
CMCMG00091,1
CMCMGG00046,1
CMCMP00174,1
CMCMM00171,1
CMCMG00168,1
CMCMGG00111,1
CMCMXGG00047,1
CMCMP00160,1
CMCMM00147,1
CMCMG00154,1
CMCMGG00096,1
CMCMP00198,1
CMCMM00255,1
CMCMG00256,1
CMCMGG00190,1
CMCMPP00011,1
CMCMP00284,1
CMCMM00339,1
CMCMG00343,1
CMCMGG00264,1
CMCMPP00010,1
CMCMP00283,1
CMCMM00338,1
CMCMG00342,1
CMCMGG00263,1
CMCMM00321,1
CMCMG00325,1
CMCMGG00245,1
CMCMP00120,1
CMCMM00118,1
CMCMG00115,1
CMCMGG00065,1
CMCMM00042,1
CMCMM00248,1
CMCMG00250,1
CMCMGG00183,1
CMCMP00025,1
CMCMM00025,1
CMCMG00026,1
CMCMGG00020,1
CMCMP00200,1
CMCMM00257,1
CMCMG00258,1
CMCMGG00192,1
CMCMP00342,1
CMCMM00411,1
CMCMG00421,1
CMCMGG00333,1
CMCMP00339,1
CMCMM00408,1
CMCMG00418,1
CMCMGG00330,1
CMCMP00338,1
CMCMM00407,1
CMCMG00417,1
CMCMGG00329,1
CMCMP00328,1
CMCMM00395,1
CMCMG00404,1
CMCMGG00319,1
CMCMU00001,1
CMCMP00329,1
CMCMM00396,1
CMCMG00405,1
CMCMGG00320,1
CMCMP00313,1
CMCMM00380,1
CMCMG00388,1
CMCMGG00306,1
CMCMP00301,1
CMCMP00302,1
CMCMM00367,1
CMCMG00375,1
CMCMGG00292,1
CMCMM00335,1
CMCMG00338,1
CMCMGG00257,1
CMCMM00234,1
CMCMG00235,1
CMCMGG00169,1
CMCMM00333,1
CMCMG00336,1
CMCMGG00256,1
CMCMM00331,1
CMCMG00334,1
CMCMGG00254,1
CMCMXGG00011,1
CMCMM00332,1
CMCMG00335,1
CMCMGG00255,1
CMCMP00028,1
CMCMM00097,1
CMCMG00094,1
CMCMGG00048,1
CMCMP00154,1
CMCMM00156,1
CMCMG00150,1
CMCMGG00092,1
CMIN2A00001,1
CMIN4A00001,1
CMIN6A00001,1
CMIN8A00001,1
CMIN2A00011,1
CMIN4A00011,1
CMIN6A00011,1
CMIN8A00012,1
CMIN2A00010,1
CMIN4A00010,1
CMIN6A00010,1
CMIN8A00011,1
CMIN2A00002,1
CMIN4A00002,1
CMIN6A00002,1
CMIN8A00002,1
CMIN2A00006,1
CMIN4A00006,1
CMIN6A00006,1
CMIN8A00006,1
CMIN2A00008,1
CMIN4A00008,1
CMIN6A00008,1
CMIN8A00009,1
CMIN2A00003,1
CMIN4A00003,1
CMIN6A00003,1
CMIN8A00003,1
CMIN2A00004,1
CMIN4A00004,1
CMIN6A00004,1
CMIN8A00004,1
CMIN2A00005,1
CMIN4A00005,1
CMIN6A00005,1
CMIN8A00005,1
CMIN2A00009,1
CMIN4A00009,1
CMIN6A00009,1
CMIN8A00010,1
CMIN2A00007,1
CMIN4A00007,1
CMIN6A00007,1
CMIN8A00007,1
CMMCU00011,1
CMMCU00007,1
CMMCU00015,1
CMMCU00027,1
CMMCU00028,1
CMMCU00035,1
CMMCU00008,1
CMMCU00036,1
CMMCU00012,1
CMMCU00014,1
CMMCU00033,1
CMMCU00016,1
CMMCU00017,1
CMMCU00018,1
CMMCU00019,1
CMMCU00020,1
CMMCU00021,1
CMMCU00001,1
CMMCU00037,1
CMMCU00031,1
CMMCU00029,1
CMMCU00030,1
CMMCU00038,1
CMMCU00013,1
CMMCU00022,1
CMMCU00009,1
CMMCU00002,1
CMMCU00010,1
CMMCU00006,1
CMMCU00023,1
CMMCU00039,1
CMMCU00040,1
CMMCU00003,1
CMMCU00034,1
CMMCU00004,1
CMMCU00024,1
CMMCU00025,1
CMMCU00005,1
CMMCU00026,1
CMMCU00032,1
G_BL_ACDC_BACK_IN_BLACK,1
G_BL_AVENGED_TRADICIONAL,1
G_BL_BAZINGA,1
G_BL_BEATLES_SGT_PEPPERS,1
G_BL_BEATLES_YELLOW,1
G_BL_GUNS_LOGO_GRANDE_JOAO,1
G_BL_IRON_TROOPER_A_PE,1
G_BL_JACK_DANIELS,1
G_BL_LARANJA_MECANICA,1
G_BL_NIRVANA_SMILE,1
G_BL_PASSARO_VERMELHO,1
G_BL_RAMONES_TRADICIONAL_PRETA,1
G_BL_RED_HOT_PRETA,1
G_BL_STONES_LINGUA_PRETA,1
G_CM_ACDC_ANGUS,1
G_CM_ACDC_BACK_IN_BLACK,1
G_CM_ACDC_BLACK_ICE,1
G_CM_ACDC_CANHAO_BRANCA,1
G_CM_ACDC_HELLS_BELLS,1
G_CM_ACDC_HIGHWAY,1
G_CM_ALICE_IN_CHAINS_CACHORRO,1
G_CM_ALICE_IN_CHAINS_CAVEIRA_COLORIDA,1
G_CM_ALICE_IN_CHAINS_SOL,1
G_CM_AMON_AMARTH_CINZA,1
G_CM_AMON_AMARTH_MARTELO,1
G_CM_AMON_AMARTH_VERSUS,1
G_CM_AMY_CAVEIRA,1
G_CM_ANGRA_TEMPLE,1
G_CM_ANTHRAX_LAW,1
G_CM_ARCTIC_MONKEYS,1
G_CM_ASKING,1
G_CM_ASKING_COBRA,1
G_CM_ASKING_MULHER,1
G_CM_ASSASSINS_CREED,1
G_CM_ASSASSINS_CREED_FLAG,1
G_CM_AVENGED_BANDA_AMARELA,1
G_CM_AVENGED_NIGHTMARE_MASTER_MASTER,1
G_CM_AVENGED_TRADICIONAL,1
G_CM_BAD_RELIGION_CRUZ,1
G_CM_BATERIA_BRANCA,1
G_CM_BATERIA_PRETA,1
G_CM_BATHORY,1
G_CM_BAZINGA,1
G_CM_BEATLES_AVIAO,1
G_CM_BEATLES_BANDA_BRANCA,1
G_CM_BEATLES_ROAD_ATRAVESSANDO,1
G_CM_BEATLES_SGT_PEPPERS,1
G_CM_BEATLES_YELLOW,1
G_CM_BEZERRA,1
G_CM_BLACK_LABEL_SOCIETY_PROFANUS,1
G_CM_BLACK_LABEL_SOCIETY_SIMBOLO,1
G_CM_BLACK_SABBATH_BANDA_OZZY,1
G_CM_BLACK_SABBATH_BANDA_OZZY_BRANCA,1
G_CM_BLACK_SABBATH_CARICATURA_BRANCA,1
G_CM_BLACK_SABBATH_COM_DIO,1
G_CM_BLACK_SABBATH_HEAVEN_AND_HELL,1
G_CM_BLACK_SABBATH_MOB_RULES,1
G_CM_BLACK_SABBATH_ROXA,1
G_CM_BLACK_SABBATH_US_TOUR,1
G_CM_BLACK_SABBATH_VOL_4,1
G_CM_BLEACH_BRANCA_VIRUS,1
G_CM_BLEACH_PRETA_HCD,1
G_CM_BLIND_GUARDIAN,1
G_CM_BON_JOVI_LOGO_DOURADO,1
G_CM_BURZUM_DET_SOM,1
G_CM_BURZUM_FILOSOFEN,1
G_CM_CALL_OF_DUTY_GHOSTS,1
G_CM_CALL_OF_DUTY_MASCARA,1
G_CM_CANDEIA,1
G_CM_CANNIBAL_CORPSE_ESVICERATION,1
G_CM_CANNIBAL_CORPSE_THE_WRETCHED,1
G_CM_CARPA,1
G_CM_CARTOLA_CAFE,1
G_CM_CARTOLA_VIOLAO,1
G_CM_CAVEIRA_BATERISTA,1
G_CM_CAVEIRA_CAVEIRA_GUITARRA_MACHADO,1
G_CM_CAVEIRA_CHAPEU_RAY,1
G_CM_CAVEIRA_FONE,1
G_CM_CAVEIRA_MEXICANA_COLORIDA,1
G_CM_CAVEIRA_MEXICANA_COLORIDA_BRANCA,1
G_CM_CAVEIRA_MEXICANA_P/B,1
G_CM_CAVEIRA_MEXICANA_ROSAS,1
G_CM_CAVEIRA_MOTO_CINZA,1
G_CM_CAVEIRA_MOTO_FOGO,1
G_CM_CAVEIRA_TRONO,1
G_CM_CHUCKY,1
G_CM_CM_G,1
G_CM_CORINGA_CABELO_VERDE,1
G_CM_CORINGA_CARTA,1
G_CM_DARK_SIDE_VADER,1
G_CM_DARK_THRONE,1
G_CM_DARTH_VADER_BRANCA,1
G_CM_DAVID_CAVEIRA,1
G_CM_DAVID_ROSTO,1
G_CM_DEATH_LOGO,1
G_CM_DEATH_NOTE_BRANCA_VIRUS,1
G_CM_DEATH_NOTE_PRETA_HCD,1
G_CM_DEEP_PURPLE_IN_ROCK,1
G_CM_DEF_LEPPARD_PYROMANIA,1
G_CM_DEICEIDE_TO_HELL,1
G_CM_DESTRUCTION,1
G_CM_DIMMU_BORGIR_PENTAGRAMA,1
G_CM_DIO_HOLY_DIVER,1
G_CM_DISTURBED,1
G_CM_DOORS_AZUL,1
G_CM_DOORS_MORRISON_BRANCA,1
G_CM_DREAM_THEATER_AWAKEN,1
G_CM_DREAM_THEATER_BLACK_CLOUDS,1
G_CM_DREAM_THEATER_METROPOLIS,1
G_CM_DRI_AZUL,1
G_CM_DRI_BRANCA,1
G_CM_ELVIS_VIOLAO,1
G_CM_ENGENHEIROS_AZUL,1
G_CM_EVANESCENCE_BANDA_NOVA_MASTER,1
G_CM_EVANESCENCE_BANDA_VELHA_AZUL,1
G_CM_EVANESCENCE_OLHOS_AZUIS,1
G_CM_EXODUS_BLACK_ANGEL,1
G_CM_FENDER,1
G_CM_FOO_FIGHTERS,1
G_CM_GAME_OF_THRONES_ANAO,1
G_CM_GAME_OF_THRONES_DRAGAO,1
G_CM_GAME_OF_THRONES_LOBO,1
G_CM_GAMES_CHIFRE,1
G_CM_GHOST_AZUL,1
G_CM_GHOST_MULHER,1
G_CM_GIBSON,1
G_CM_GOD_OF_WAR_HCD,1
G_CM_GOD_OF_WAR_JOAO,1
G_CM_GOD_OF_WAR_MASTER,1
G_CM_GOD_OF_WAR_NOVA,1
G_CM_GREEN_DAY_AMERICAN_IDIOT,1
G_CM_GUITARRA,1
G_CM_GUNS_APPETITE,1
G_CM_GUNS_AXL_CANTANDO,1
G_CM_GUNS_BANDA_PROFANUS,1
G_CM_GUNS_BANDA_VIRUS,1
G_CM_GUNS_CAVEIRA_CARTOLA_EQUINOX,1
G_CM_GUNS_CAVEIRA_CARTOLA_MASTER,1
G_CM_GUNS_DOURADA,1
G_CM_GUNS_LOGO_GRANDE_JOAO,1
G_CM_GUNS_LOGO_GRANDE_MASTER,1
G_CM_GUNS_NOME_GRANDE,1
G_CM_GUNS_PRATA,1
G_CM_GUNS_SLASH_CINZA,1
G_CM_HARLEY_AGUIA,1
G_CM_HARLEY_DAVIDSON_TRADICIONAL,1
G_CM_HARLEY_MALHA_CINZA,1
G_CM_HARLEY_MOTO_CINZA,1
G_CM_HARLEY_MOTO_COLOR,1
G_CM_HARLEY_MOTO_VIRUS,1
G_CM_HEINEKEN_HENDRIX,1
G_CM_HEINEKEN_VERDE,1
G_CM_HELLOWEEN_HELL,1
G_CM_HELLOWEEN_KEEPER_PART_1,1
G_CM_HELLRAISER,1
G_CM_HENDRIX_CIGARRO,1
G_CM_HENDRIX_EXPERIENCE,1
G_CM_IBANEZ,1
G_CM_INDIO_COCAR,1
G_CM_IRON_ALBUM,1
G_CM_IRON_EDDIE_COMENDO,1
G_CM_IRON_FEAR,1
G_CM_IRON_FRONTIER,1
G_CM_IRON_FUZIL,1
G_CM_IRON_KILLERS_EQUINOX,1
G_CM_IRON_KILLERS_MASTER,1
G_CM_IRON_LIVE_AFTER,1
G_CM_IRON_NUMBER,1
G_CM_IRON_POWERSLAVE,1
G_CM_IRON_TROOPER_A_PE,1
G_CM_IRON_TROOPER_CAVALO,1
G_CM_JACK_DANIELS,1
G_CM_JAMES_BROWN,1
G_CM_JANIS_ESCRITO_LADO,1
G_CM_JASON_FACAO,1
G_CM_JASON_MASCARA,1
G_CM_JETHRO_TULL_AQUALUNG,1
G_CM_JETHRO_TULL_PAST,1
G_CM_JIM_CAVEIRA_BRACOS,1
G_CM_JIMI_BLACK,1
G_CM_JIMI_CHAPEU,1
G_CM_JOAO_NOGUEIRA,1
G_CM_JOHNNY_CASH_HCD,1
G_CM_JOY_DIVISION,1
G_CM_JOY_DIVISION_CANTANDO,1
G_CM_JUDAS_PAINKILLER,1
G_CM_JUDAS_PRIEST_STEEL,1
G_CM_JUSTICEIRO_CAVEIRA_BRANCA,1
G_CM_JUSTICEIRO_CINZA,1
G_CM_KISS_DESTROYER,1
G_CM_KISS_DYNASTY,1
G_CM_KISS_ROCK_AND_ROLL,1
G_CM_KORN_ESCRITO,1
G_CM_KORN_UNTOUCHBLES,1
G_CM_KREATOR_PHANTOM,1
G_CM_KREATOR_PLEASURE,1
G_CM_LARANJA_MECANICA,1
G_CM_LEAGUE_OF_LEGENDS,1
G_CM_LED_ZEPPELIN_ANJO_COLORIDO,1
G_CM_LED_ZEPPELIN_ANJO_DOURADO,1
G_CM_LED_ZEPPELIN_BANDA_AMARELA,1
G_CM_LED_ZEPPELIN_EREMITA,1
G_CM_LED_ZEPPELIN_MOTHERSHIP,1
G_CM_LEGIAO_URBANA_4_ESTACOES,1
G_CM_LEGIAO_URBANA_BANDA_AZUL_MASTER,1
G_CM_LEGIAO_URBANA_DOURADA,1
G_CM_LEGIAO_URBANA_FAROESTE,1
G_CM_LEGIAO_URBANA_VERDE,1
G_CM_LINKIN_PARK_METEORA,1
G_CM_LINKIN_PARK_ROAD_ESCRITO_BRANCO,1
G_CM_LINKIN_PARK_SOLDADO_HYBRID,1
G_CM_LYNYRD_CAVEIRA,1
G_CM_MARILYN_CAVEIRA,1
G_CM_MARILYN_MANSON,1
G_CM_MARIO_LUIGI,1
G_CM_MARSHALL,1
G_CM_MASCULINA,1
G_CM_MAYHEM,1
G_CM_MAYHEM_AZUL,1
G_CM_MEGADETH_BOMBA,1
G_CM_MEGADETH_CAVEIRA,1
G_CM_MEGADETH_CAVEIRA_MASTER,1
G_CM_MEGADETH_CAVEIRA_PROFANUS,1
G_CM_MEGADETH_RUST,1
G_CM_MERCYFUL_FATE,1
G_CM_METALLICA_COBRA,1
G_CM_METALLICA_DEATH_MAGNETIC_BRANCA,1
G_CM_METALLICA_DEATH_MAGNETIC_PRETA,1
G_CM_METALLICA_DEATH_MAGNETIC_VIRUS,1
G_CM_METALLICA_JUSTICE_BRANCA,1
G_CM_METALLICA_JUSTICE_PRETA,1
G_CM_METALLICA_KILL,1
G_CM_METALLICA_MASTER_ALBUM,1
G_CM_METALLICA_MASTER_ROCK,1
G_CM_METALLICA_RIDE,1
G_CM_METALLICA_ST_ANGER_PUNHO,1
G_CM_MEXICANA_TATTOO,1
G_CM_MISFITS_ROXA,1
G_CM_MISFITS_VERDE,1
G_CM_MORBID_ANGEL_ALTARS,1
G_CM_MORBID_ANGEL_LOGO,1
G_CM_MOTO_INDIAN,1
G_CM_MOTORHEAD_KISS_OF_DEATH,1
G_CM_MOTORHEAD_TRADICIONAL,1
G_CM_NARUTO_BRANCA_VIRUS,1
G_CM_NIRVANA_BANDA_MASTER,1
G_CM_NIRVANA_BATERIA,1
G_CM_NIRVANA_MALHA_CINZA,1
G_CM_NIRVANA_NEVERMIND,1
G_CM_NIRVANA_NEVERMIND_ALBUM,1
G_CM_NIRVANA_SMILE,1
G_CM_NOEL,1
G_CM_OASIS,1
G_CM_OBITUARY_ESTAMPA,1
G_CM_OBITUARY_LOGO,1
G_CM_OFFSPRING_P/B,1
G_CM_ONE_PIECE_PRETA_HCD,1
G_CM_ONE_PIECE_PRETA_VIRUS,1
G_CM_OZZY_MORCEGO,1
G_CM_PANTERA_COWBOYS,1
G_CM_PANTERA_OFFICIAL,1
G_CM_PANTERA_SOCO,1
G_CM_PASSARO_VERMELHO,1
G_CM_PEARL,1
G_CM_PEARL_JAM_BONEQUINHO,1
G_CM_PINK_FLOYD_BANDA,1
G_CM_PINK_FLOYD_DESENHO,1
G_CM_PINK_FLOYD_DIVISION,1
G_CM_PINK_FLOYD_PRISMA,1
G_CM_PINK_FLOYD_PRISMA_BANDA,1
G_CM_PINK_FLOYD_THE_WALL_BRANCA,1
G_CM_PINK_FLOYD_WALL_PRETA,1
G_CM_PIRATAS_DO_CARIBE,1
G_CM_PIXINGUINHA,1
G_CM_PODEROSO_CHEFAO,1
G_CM_QUEEN_DOURADA,1
G_CM_RAGE_AGAINST_BRANCA,1
G_CM_RAINBOW_LONG_LIVE,1
G_CM_RAINBOW_RISING,1
G_CM_RAMMSTEIN,1
G_CM_RAMONES_BANDA_BRANCA,1
G_CM_RAMONES_PROCURADOS,1
G_CM_RAMONES_TRADICIONAL_BRANCA,1
G_CM_RAMONES_TRADICIONAL_PRETA,1
G_CM_RAUL_CHAVE,1
G_CM_RED_HOT_BRANCA,1
G_CM_RED_HOT_PRETA,1
G_CM_RUSH_CORUJA,1
G_CM_RUSH_ESTRELA,1
G_CM_RUSH_MOVING_PICTURES,1
G_CM_SARCOFAGO_ROTTING,1
G_CM_SARCOFAGO_SCOURGE,1
G_CM_SCORPIONS_IN_TRANCE,1
G_CM_SEPULTURA_REMAINS,1
G_CM_SEPULTURA_ROOTS,1
G_CM_SEPULTURA_S,1
G_CM_SEX_PISTOLS_AMARELA,1
G_CM_SEX_PISTOLS_FANTA,1
G_CM_SLASH_CAVEIRA,1
G_CM_SLAYER_AGUIA,1
G_CM_SLAYER_CAVEIRA_CAPACETE,1
G_CM_SLAYER_FUZIL,1
G_CM_SLAYER_REIGN_IN_BLOOD,1
G_CM_SLAYER_SOUTH,1
G_CM_SLIPKNOT_BANDA_NOVA_MASTER,1
G_CM_SLIPKNOT_BANDA_NOVA_VIRUS,1
G_CM_SLIPKNOT_BANDA_VELHA_VIRUS,1
G_CM_SLIPKNOT_CIRCO,1
G_CM_SLIPKNOT_COD_BARRAS,1
G_CM_SLIPKNOT_QUADRADINHOS,1
G_CM_SMITHS,1
G_CM_SMITHS_CAPACETE,1
G_CM_SONIC_YOUTH_AZUL,1
G_CM_SONIC_YOUTH_BRANCA,1
G_CM_SOUNDGARDEN,1
G_CM_STAR_WARS_CAPACETE,1
G_CM_STONES_LINGUA_BRANCA,1
G_CM_STONES_LINGUA_PRETA,1
G_CM_STROKES_BRANCA,1
G_CM_STROKES_PRETA,1
G_CM_SYSTEM_ALVO,1
G_CM_SYSTEM_BANDA_GRANDE_MASTER,1
G_CM_SYSTEM_BANDA_NOVA_VIRUS,1
G_CM_SYSTEM_BONEQUINHOS,1
G_CM_SYSTEM_HYPNOTIZE,1
G_CM_SYSTEM_MAO,1
G_CM_SYSTEM_MEZMERIZE_ALBUM,1
G_CM_SYSTEM_MEZMERIZE_BANDA,1
G_CM_TESTAMENT_BRANCA,1
G_CM_TESTAMENT_DARK,1
G_CM_THE_CLASH,1
G_CM_THE_CURE_BOYS,1
G_CM_THE_CURE_PRETA,1
G_CM_THE_STROKES,1
G_CM_THE_WHO,1
G_CM_TIM_MAIA,1
G_CM_TIO_SAM,1
G_CM_TOM_JOBIM,1
G_CM_V_DE_VINGANCA_BRANCA,1
G_CM_V_DE_VINGANCA_PRETA,1
G_CM_VAN_HALEN_ANJO,1
G_CM_VAN_HALEN_LOGO_DOURADO,1
G_CM_VENON_POSSESSED,1
G_CM_VENON_PRATA,1
G_CM_VINICIUS,1
G_CM_WALKING_ARQUEIRO,1
G_CM_WALKING_CAVALO,1
G_CM_WALKING_COWBOY,1
G_CM_WALKING_DEAD_CARICATURA,1
G_CM_WALKING_DEAD_INSIDE,1
G_CM_WALKING_DEAD_MASTER,1
G_CM_WALKING_DEAD_VIRUS,1
G_CM_WASP_I,1
G_CM_WHITESNAKE_LOVE,1
G_CM_YES_FLY_FROM,1
G_CM_YES_FRAGILE,1
G_CM_YES_LOGO,1
G_CM_ZILDJIAN,1
G_CM_ZUMBI_HARDCORE,1
G_IN_ACDC_LOGO_CINZA,1
G_IN_BEATLES_LOGO_CINZA,1
G_IN_CAVEIRA_ROSA,1
G_IN_GUNS_CAVEIRA,1
G_IN_LED_ZEPPELIN_CINZA,1
G_IN_LED_ZEPPELIN_EREMITA,1
G_IN_LEGIAO_URBANA_LOGO_DOURADA,1
G_IN_PEARL_JAM_CINZA,1
G_IN_RAMONES_TRADICIONAL_CINZA,1
G_IN_STAR_WARS_CAPACETE,1
G_IN_STONES_LINGUA_BRANCA,1
